Workbook

Sheet Dashboard
A1: NetLabz Enterprise — Project Tracker
A4: Overall Progress | B4: =IF(B5=0,0,B6/B5) -> 0.12962963 | D4: Status | E4: Meaning
A5: Total Tasks | B5: =COUNTA('Project Checklist'!$A$5:$A$220) -> 216 | D5: Not Started | E5: Task has not been started.
A6: Complete | B6: =COUNTIF('Project Checklist'!$G$5:$G$220,"Complete") -> 28 | D6: In Progress | E6: Actively working on the task.
A7: In Progress | B7: =COUNTIF('Project Checklist'!$G$5:$G$220,"In Progress") -> 0 | D7: Blocked | E7: Cannot proceed until another issue is resolved.
A8: Blocked | B8: =COUNTIF('Project Checklist'!$G$5:$G$220,"Blocked") -> 2 | D8: Complete | E8: Task and required evidence are finished.
A9: Not Started | B9: =COUNTIF('Project Checklist'!$G$5:$G$220,"Not Started") -> 185 | D9: Skipped | E9: Intentionally omitted; explain why in Notes.
A12: Phase # | B12: Phase | C12: Difficulty | D12: Total | E12: Complete | F12: In Progress | G12: Blocked | H12: Progress
A13: 0 | B13: Hyper-V Host Baseline & GitHub | C13: Beginner | D13: =COUNTIF('Project Checklist'!$B$5:$B$220,A13) -> 14 | E13: =COUNTIFS('Project Checklist'!$B$5:$B$220,A13,'Project Checklist'!$G$5:$G$220,"Complete") -> 14 | F13: =COUNTIFS('Project Checklist'!$B$5:$B$220,A13,'Project Checklist'!$G$5:$G$220,"In Progress") -> 0 | G13: =COUNTIFS('Project Checklist'!$B$5:$B$220,A13,'Project Checklist'!$G$5:$G$220,"Blocked") -> 0 | H13: =IF(D13=0,0,E13/D13) -> 1
A14: 1 | B14: Virtual Switching & Isolated Test Network | C14: Beginner | D14: =COUNTIF('Project Checklist'!$B$5:$B$220,A14) -> 9 | E14: =COUNTIFS('Project Checklist'!$B$5:$B$220,A14,'Project Checklist'!$G$5:$G$220,"Complete") -> 6 | F14: =COUNTIFS('Project Checklist'!$B$5:$B$220,A14,'Project Checklist'!$G$5:$G$220,"In Progress") -> 0 | G14: =COUNTIFS('Project Checklist'!$B$5:$B$220,A14,'Project Checklist'!$G$5:$G$220,"Blocked") -> 2 | H14: =IF(D14=0,0,E14/D14) -> 0.66666667
A15: 2 | B15: Firewall / Router VM | C15: Intermediate | D15: =COUNTIF('Project Checklist'!$B$5:$B$220,A15) -> 10 | E15: =COUNTIFS('Project Checklist'!$B$5:$B$220,A15,'Project Checklist'!$G$5:$G$220,"Complete") -> 8 | F15: =COUNTIFS('Project Checklist'!$B$5:$B$220,A15,'Project Checklist'!$G$5:$G$220,"In Progress") -> 0 | G15: =COUNTIFS('Project Checklist'!$B$5:$B$220,A15,'Project Checklist'!$G$5:$G$220,"Blocked") -> 0 | H15: =IF(D15=0,0,E15/D15) -> 0.8
A16: 3 | B16: Windows Server DC01 | C16: Intermediate | D16: =COUNTIF('Project Checklist'!$B$5:$B$220,A16) -> 10 | E16: =COUNTIFS('Project Checklist'!$B$5:$B$220,A16,'Project Checklist'!$G$5:$G$220,"Complete") -> 0 | F16: =COUNTIFS('Project Checklist'!$B$5:$B$220,A16,'Project Checklist'!$G$5:$G$220,"In Progress") -> 0 | G16: =COUNTIFS('Project Checklist'!$B$5:$B$220,A16,'Project Checklist'!$G$5:$G$220,"Blocked") -> 0 | H16: =IF(D16=0,0,E16/D16) -> 0
A17: 4 | B17: Windows Client & Active Directory | C17: Intermediate | D17: =COUNTIF('Project Checklist'!$B$5:$B$220,A17) -> 10 | E17: =COUNTIFS('Project Checklist'!$B$5:$B$220,A17,'Project Checklist'!$G$5:$G$220,"Complete") -> 0 | F17: =COUNTIFS('Project Checklist'!$B$5:$B$220,A17,'Project Checklist'!$G$5:$G$220,"In Progress") -> 0 | G17: =COUNTIFS('Project Checklist'!$B$5:$B$220,A17,'Project Checklist'!$G$5:$G$220,"Blocked") -> 0 | H17: =IF(D17=0,0,E17/D17) -> 0
A18: 5 | B18: DNS & DHCP Laboratory | C18: Intermediate | D18: =COUNTIF('Project Checklist'!$B$5:$B$220,A18) -> 10 | E18: =COUNTIFS('Project Checklist'!$B$5:$B$220,A18,'Project Checklist'!$G$5:$G$220,"Complete") -> 0 | F18: =COUNTIFS('Project Checklist'!$B$5:$B$220,A18,'Project Checklist'!$G$5:$G$220,"In Progress") -> 0 | G18: =COUNTIFS('Project Checklist'!$B$5:$B$220,A18,'Project Checklist'!$G$5:$G$220,"Blocked") -> 0 | H18: =IF(D18=0,0,E18/D18) -> 0
A19: 6 | B19: Multi-Subnet Routing | C19: Intermediate | D19: =COUNTIF('Project Checklist'!$B$5:$B$220,A19) -> 10 | E19: =COUNTIFS('Project Checklist'!$B$5:$B$220,A19,'Project Checklist'!$G$5:$G$220,"Complete") -> 0 | F19: =COUNTIFS('Project Checklist'!$B$5:$B$220,A19,'Project Checklist'!$G$5:$G$220,"In Progress") -> 0 | G19: =COUNTIFS('Project Checklist'!$B$5:$B$220,A19,'Project Checklist'!$G$5:$G$220,"Blocked") -> 0 | H19: =IF(D19=0,0,E19/D19) -> 0
A20: 7 | B20: Linux Server | C20: Intermediate | D20: =COUNTIF('Project Checklist'!$B$5:$B$220,A20) -> 10 | E20: =COUNTIFS('Project Checklist'!$B$5:$B$220,A20,'Project Checklist'!$G$5:$G$220,"Complete") -> 0 | F20: =COUNTIFS('Project Checklist'!$B$5:$B$220,A20,'Project Checklist'!$G$5:$G$220,"In Progress") -> 0 | G20: =COUNTIFS('Project Checklist'!$B$5:$B$220,A20,'Project Checklist'!$G$5:$G$220,"Blocked") -> 0 | H20: =IF(D20=0,0,E20/D20) -> 0
A21: 8 | B21: Docker Containers | C21: Intermediate | D21: =COUNTIF('Project Checklist'!$B$5:$B$220,A21) -> 10 | E21: =COUNTIFS('Project Checklist'!$B$5:$B$220,A21,'Project Checklist'!$G$5:$G$220,"Complete") -> 0 | F21: =COUNTIFS('Project Checklist'!$B$5:$B$220,A21,'Project Checklist'!$G$5:$G$220,"In Progress") -> 0 | G21: =COUNTIFS('Project Checklist'!$B$5:$B$220,A21,'Project Checklist'!$G$5:$G$220,"Blocked") -> 0 | H21: =IF(D21=0,0,E21/D21) -> 0
A22: 9 | B22: Firewall Policies & DMZ | C22: Intermediate | D22: =COUNTIF('Project Checklist'!$B$5:$B$220,A22) -> 10 | E22: =COUNTIFS('Project Checklist'!$B$5:$B$220,A22,'Project Checklist'!$G$5:$G$220,"Complete") -> 0 | F22: =COUNTIFS('Project Checklist'!$B$5:$B$220,A22,'Project Checklist'!$G$5:$G$220,"In Progress") -> 0 | G22: =COUNTIFS('Project Checklist'!$B$5:$B$220,A22,'Project Checklist'!$G$5:$G$220,"Blocked") -> 0 | H22: =IF(D22=0,0,E22/D22) -> 0
A23: 10 | B23: VLAN Implementation | C23: Advanced | D23: =COUNTIF('Project Checklist'!$B$5:$B$220,A23) -> 11 | E23: =COUNTIFS('Project Checklist'!$B$5:$B$220,A23,'Project Checklist'!$G$5:$G$220,"Complete") -> 0 | F23: =COUNTIFS('Project Checklist'!$B$5:$B$220,A23,'Project Checklist'!$G$5:$G$220,"In Progress") -> 0 | G23: =COUNTIFS('Project Checklist'!$B$5:$B$220,A23,'Project Checklist'!$G$5:$G$220,"Blocked") -> 0 | H23: =IF(D23=0,0,E23/D23) -> 0
A24: 11 | B24: IPv6 | C24: Advanced | D24: =COUNTIF('Project Checklist'!$B$5:$B$220,A24) -> 10 | E24: =COUNTIFS('Project Checklist'!$B$5:$B$220,A24,'Project Checklist'!$G$5:$G$220,"Complete") -> 0 | F24: =COUNTIFS('Project Checklist'!$B$5:$B$220,A24,'Project Checklist'!$G$5:$G$220,"In Progress") -> 0 | G24: =COUNTIFS('Project Checklist'!$B$5:$B$220,A24,'Project Checklist'!$G$5:$G$220,"Blocked") -> 0 | H24: =IF(D24=0,0,E24/D24) -> 0
... A33: 20 | B33: Full Break/Fix Exercises | C33: Advanced | D33: =COUNTIF('Project Checklist'!$B$5:$B$220,A33) -> 15 | E33: =COUNTIFS('Project Checklist'!$B$5:$B$220,A33,'Project Checklist'!$G$5:$G$220,"Complete") -> 0 | F33: =COUNTIFS('Project Checklist'!$B$5:$B$220,A33,'Project Checklist'!$G$5:$G$220,"In Progress") -> 0 | G33: =COUNTIFS('Project Checklist'!$B$5:$B$220,A33,'Project Checklist'!$G$5:$G$220,"Blocked") -> 0 | H33: =IF(D33=0,0,E33/D33) -> 0

Sheet Project Checklist
A1: Master Project Checklist
A4: Task ID | B4: Phase # | C4: Phase | D4: Category | E4: Task | F4: Deliverable / Evidence | G4: Status | H4: Priority | I4: Notes
A5: P00-01 | B5: 0 | C5: Hyper-V Host Baseline & GitHub | D5: Host | E5: Record OptiPlex CPU, RAM, storage, NIC, Windows version, and current hostname. | F5: docs/host-baseline.md with command output summary | G5: Complete | H5: High
A6: P00-02 | B6: 0 | C6: Hyper-V Host Baseline & GitHub | D6: Host | E6: Verify BIOS/UEFI virtualization support and Hyper-V requirements. | F6: VirtualizationFirmwareEnabled confirmed; note result in baseline | G6: Complete | H6: High
A7: P00-03 | B7: 0 | C7: Hyper-V Host Baseline & GitHub | D7: Hyper-V | E7: Verify Hyper-V feature is enabled and Hyper-V Manager opens correctly. | F7: Screenshot or command output documented | G7: Complete | H7: High
A8: P00-04 | B8: 0 | C8: Hyper-V Host Baseline & GitHub | D8: Hyper-V | E8: Inventory any existing VMs and virtual switches before making changes. | F8: Get-VM and Get-VMSwitch results summarized | G8: Complete | H8: High
A9: P00-05 | B9: 0 | C9: Hyper-V Host Baseline & GitHub | D9: Standards | E9: Choose/confirm Hyper-V host name (recommended HYPV01). | F9: Hostname recorded in naming standard | G9: Complete | H9: Medium
A10: P00-06 | B10: 0 | C10: Hyper-V Host Baseline & GitHub | D10: Git | E10: Install/verify Git and configure user.name and user.email. | F10: git --version and config verified | G10: Complete | H10: High
A11: P00-07 | B11: 0 | C11: Hyper-V Host Baseline & GitHub | D11: Git | E11: Create local repository folder C:\Labs\hyperv-enterprise-lab. | F11: Repository folder exists | G11: Complete | H11: High
A12: P00-08 | B12: 0 | C12: Hyper-V Host Baseline & GitHub | D12: Git | E12: Create README.md, docs, diagrams, hyper-v, scripts, and incidents structure. | F12: Repository tree visible in Git | G12: Complete | H12: High
A13: P00-09 | B13: 0 | C13: Hyper-V Host Baseline & GitHub | D13: Security | E13: Create .gitignore that excludes VHD/VHDX, ISOs, secrets, logs, and packet captures as appropriate. | F13: Committed .gitignore | G13: Complete | H13: High | I13: Used AI to list file types that are common with VM's so as not to miss any, creating vulnerability.
A14: P00-10 | B14: 0 | C14: Hyper-V Host Baseline & GitHub | D14: Standards | E14: Document VM, switch, server, client, and network naming conventions. | F14: docs/naming-standard.md | G14: Complete | H14: High
A15: P00-11 | B15: 0 | C15: Hyper-V Host Baseline & GitHub | D15: Standards | E15: Document initial IPv4 network and address allocation plan. | F15: docs/ip-address-plan.md | G15: Complete | H15: High
A16: P00-12 | B16: 0 | C16: Hyper-V Host Baseline & GitHub | D16: Git | E16: Initialize Git, stage files, and create the first meaningful commit. | F16: Commit: Initialize Hyper-V enterprise lab repository | G16: Complete | H16: High
A17: P00-13 | B17: 0 | C17: Hyper-V Host Baseline & GitHub | D17: GitHub | E17: Create a public GitHub repository and push the local repository. | F17: GitHub repository reachable and README renders | G17: Complete | H17: High
A18: P00-14 | B18: 0 | C18: Hyper-V Host Baseline & GitHub | D18: Documentation | E18: Add project purpose, goals, hardware, and planned architecture to README. | F18: README explains project to an employer | G18: Complete | H18: Medium
A19: P01-01 | B19: 1 | C19: Virtual Switching & Isolated Test Network | D19: Concepts | E19: Document the difference between External, Internal, and Private Hyper-V switches. | F19: Short comparison in hyper-v/virtual-switches.md | G19: Complete | H19: High
A20: P01-02 | B20: 1 | C20: Virtual Switching & Isolated Test Network | D20: Hyper-V | E20: Create the first isolated virtual switch for lab-only communication. | F20: vSW-LAB or equivalent exists | G20: Complete | H20: High | I20: Created all my vswitches 1x External, 3x Internal
A21: P01-03 | B21: 1 | C21: Virtual Switching & Isolated Test Network | D21: VM | E21: Create two lightweight test VMs with conservative memory allocations. | F21: Two test VMs boot successfully | G21: Complete | H21: High
A22: P01-04 | B22: 1 | C22: Virtual Switching & Isolated Test Network | D22: Networking | E22: Assign static IPv4 addresses on the same test subnet. | F22: Both VMs have documented addresses | G22: Complete | H22: High
A23: P01-05 | B23: 1 | C23: Virtual Switching & Isolated Test Network | D23: Testing | E23: Verify same-subnet connectivity with ping and ARP neighbor tables. | F23: Successful ICMP and ARP observations recorded | G23: Complete | H23: High
A24: P01-06 | B24: 1 | C24: Virtual Switching & Isolated Test Network | D24: Wireshark | E24: Capture ARP request/reply traffic and identify source/destination MAC addresses. | F24: Annotated screenshot or notes | G24: Blocked | H24: Medium | I24: Would need to install wireshark inside VM to capture arp and icmp unicast replies. Currently only captures broadcasts.
A25: P01-07 | B25: 1 | C25: Virtual Switching & Isolated Test Network | D25: Wireshark | E25: Capture ICMP echo request/reply and map it to OSI layers. | F25: Packet capture observations documented | G25: Skipped | H25: Medium
A26: P01-08 | B26: 1 | C26: Virtual Switching & Isolated Test Network | D26: Troubleshooting | E26: Break connectivity with an incorrect subnet mask and diagnose before fixing it. | F26: Mini incident note with root cause and validation | G26: Blocked | H26: Medium | I26: No routing capabilities yet, so adding this section later.
A27: P01-09 | B27: 1 | C27: Virtual Switching & Isolated Test Network | D27: Git | E27: Commit the network diagram, switch configuration notes, and test results. | F27: Phase 1 Git commit(s) | G27: Complete | H27: High
A28: P02-01 | B28: 2 | C28: Firewall / Router VM | D28: Firewall | E28: Select OPNsense or pfSense and document why it was chosen. | F28: Decision recorded in docs/firewall-design.md | G28: Complete | H28: High | I28: Selecting OPNSense
A29: P02-02 | B29: 2 | C29: Firewall / Router VM | D29: VM | E29: Create FW01 with appropriate CPU/RAM/disk and multiple virtual NICs. | F29: FW01 VM configuration documented | G29: Complete | H29: High
A30: P02-03 | B30: 2 | C30: Firewall / Router VM | D30: Networking | E30: Connect FW01 WAN to controlled external/home access and LAN to the isolated lab. | F30: WAN/LAN mapping diagram | G30: Complete | H30: High
A31: P02-04 | B31: 2 | C31: Firewall / Router VM | D31: Addressing | E31: Assign initial LAN gateway address 10.10.20.1/24 | F31: Gateway responds from lab host | G31: Complete | H31: High
A32: P02-05 | B32: 2 | C32: Firewall / Router VM | D32: Routing | E32: Enable lab clients to reach their default gateway. | F32: Ping/traceroute validation | G32: Complete | H32: High
A33: P02-06 | B33: 2 | C33: Firewall / Router VM | D33: NAT | E33: Configure outbound NAT so lab systems can reach the internet without direct exposure. | F33: Internet access works from test VM | G33: Complete | H33: High
A34: P02-07 | B34: 2 | C34: Firewall / Router VM | D34: Security | E34: Create rules preventing lab-initiated access to protected home network ranges. | F34: Firewall rule screenshots/config notes | G34: Complete | H34: High
A35: P02-08 | B35: 2 | C35: Firewall / Router VM | D35: Testing | E35: Validate internet, DNS, gateway, and home-network isolation behavior. | F35: Connectivity matrix documented | G35: Complete | H35: High
A36: P02-09 | B36: 2 | C36: Firewall / Router VM | D36: Troubleshooting | E36: Create and repair one intentional firewall rule failure. | F36: Incident note showing logs and fix | G36: Not Started | H36: Medium
A37: P02-10 | B37: 2 | C37: Firewall / Router VM | D37: Git | E37: Commit sanitized firewall architecture and rule documentation. | F37: Phase 2 Git commit(s) | G37: Not Started | H37: High
A38: P03-01 | B38: 3 | C38: Windows Server DC01 | D38: Windows Server | E38: Download a Windows Server evaluation ISO and record the source/version. | F38: ISO source and version documented; ISO excluded from Git | G38: Not Started | H38: High
A39: P03-02 | B39: 3 | C39: Windows Server DC01 | D39: VM | E39: Create DC01 with conservative CPU/RAM/disk settings. | F39: DC01 VM build sheet | G39: Not Started | H39: High
A40: P03-03 | B40: 3 | C40: Windows Server DC01 | D40: Networking | E40: Assign DC01 a static server-network address (planned 10.10.10.10). | F40: IP configuration documented | G40: Not Started | H40: High
... A220: P20-15 | B220: 20 | C220: Full Break/Fix Exercises | D220: Portfolio | E220: Create a final release/tag marking the completed portfolio version. | F220: v1.0 or equivalent | G220: Not Started | H220: Medium

Sheet Phase Guide
A1: Phase Guide
A3: Move forward when the exit criteria are met—not merely when the software is installed. Every phase should leave behind documentation and version-controlled evidence.
A5: Phase # | B5: Phase | C5: Objective | D5: Prerequisite | E5: Difficulty | F5: Exit Criteria
A6: 0 | B6: Hyper-V Host Baseline & GitHub | C6: Establish the host, documentation standards, repository, and lab conventions. | D6: None | E6: Beginner | F6: Host baseline and standards are documented; public GitHub repo exists; first clean commit is pushed.
A7: 1 | B7: Virtual Switching & Isolated Test Network | C7: Build the first safe virtual network and observe basic packet behavior. | D7: Phase 0 | E7: Beginner | F7: Two isolated VMs communicate; ARP/ICMP behavior is captured; one basic network fault is diagnosed.
A8: 2 | B8: Firewall / Router VM | C8: Create the lab edge and safely separate lab networks from the home network. | D8: Phase 1 | E8: Intermediate | F8: FW01 provides controlled lab internet access while protecting the home network; firewall behavior is documented.
A9: 3 | B9: Windows Server DC01 | C9: Deploy the first Windows Server and establish the core domain infrastructure. | D9: Phase 2 | E9: Intermediate | F9: DC01 is a healthy domain controller with AD-integrated DNS and a documented known-good recovery point.
A10: 4 | B10: Windows Client & Active Directory | C10: Join a client to the domain and validate authentication, policy, and administration. | D10: Phase 3 | E10: Intermediate | F10: CLIENT01 joins the domain, domain logon works, OUs/users/groups exist, and at least one GPO applies correctly.
A11: 5 | B11: DNS & DHCP Laboratory | C11: Understand, test, break, capture, and repair core naming and address services. | D11: Phase 4 | E11: Intermediate | F11: DNS and DHCP work end-to-end; DORA and DNS traffic are captured; at least one core-service failure is repaired.
A12: 6 | B12: Multi-Subnet Routing | C12: Route traffic between server, client, and other lab networks with controlled policies. | D12: Phase 5 | E12: Intermediate | F12: Server and client networks route through FW01 with explicit policies; path and packet behavior are documented.
A13: 7 | B13: Linux Server | C13: Build Linux administration and networking fundamentals inside the same enterprise lab. | D13: Phase 6 | E13: Intermediate | F13: LINUX01 is manageable by SSH, core networking tools are practiced, and a Linux fault is diagnosed/repaired.
A14: 8 | B14: Docker Containers | C14: Learn container fundamentals and deploy services on a Linux Docker host. | D14: Phase 7 | E14: Intermediate | F14: A Docker host runs persistent and networked containers; Compose is used; secrets are excluded from Git.
A15: 9 | B15: Firewall Policies & DMZ | C15: Create a DMZ and enforce least-privilege traffic flows. | D15: Phase 8 | E15: Intermediate | F15: A DMZ exists with least-privilege rules; allowed/denied flows are tested and logged.
A16: 10 | B16: VLAN Implementation | C16: Move from separate virtual networks to VLAN-based segmentation and tagging. | D16: Phase 9 | E16: Advanced | F16: VLAN segmentation and inter-VLAN routing work in the lab; an equivalent Cisco Packet Tracer lab is documented.
A17: 11 | B17: IPv6 | C17: Add IPv6 addressing, routing, DNS, and troubleshooting alongside IPv4. | D17: Phase 10 | E17: Advanced | F17: IPv6 works across selected lab networks; DNS, NDP/ICMPv6, routing, and firewall behavior are validated.
... A26: 20 | B26: Full Break/Fix Exercises | C26: Run end-to-end incidents that combine networking, systems, security, and documentation. | D26: Phase 19 | E26: Advanced | F26: Ten structured incidents plus one multi-fault capstone are completed; final architecture and recruiter-ready README are published.

Sheet Sheet1
A1: Network | B1: Subnet | C1: Gateway
A2: Server | B2: 10.10.10.0/24 | C2: 10.10.10.1
A3: Client | B3: 10.10.20.0/24 | C3: 10.10.20.1
A4: DMZ | B4: 10.10.30.0/24 | C4: 10.10.30.1
A5: Management | B5: 10.10.40.0/24 | C5: 10.10.40.1
A6: Monitoring | B6: 10.10.50.0/24 | C6: 10.10.50.1
A7: Security | B7: 10.10.60.0/24 | C7: 10.10.60.1
A8: Containers | B8: 10.10.70.0/24 | C8: 10.10.70.1
A11: Address Range | B11: Use
A12: .1 | B12: Default gateway
A13: .2-.9 | B13: Network infrastructure
A14: .10-.29 | B14: Servers
A15: .30-.49 | B15: Management / infrastructure
A16: .50-.99 | B16: Reserved / static
A17: .100-.199 | B17: DHCP clients
A18: .200-.239 | B18: Lab / testing
